﻿pos_x,pos_y,rotation,side,designator,mpn,pack,footprint,value,mount_type
109.855,-63.32,0.0,top,C1,12063A103JAT2A,,CAPC3216X152N,12063A103JAT2A,smt
109.855,-65.86,0.0,top,C2,12063D226MAT2A,,CAPC3216X229N,12063D226MAT2A,smt
102.87,-61.415,90.0,top,IC1,NE555DR,,NE555DR,NE555DR,smt
85.725,-50.62,-90.0,top,J1,1716080000,,1716080000,1716080000,tht
85.725,-64.59,-90.0,top,J2,1716080000,,1716080000,1716080000,tht
121.485,-69.67,90.0,top,J3,1716080000,,1716080000,1716080000,tht
121.485,-55.7,90.0,top,J4,1716080000,,1716080000,1716080000,tht
96.105,-58.24,180.0,top,Q1,IRLML6344TRPBF,,SOT95P237X112-3N,IRLML6344TRPBF,smt
96.105,-64.27,180.0,top,Q2,DMP3130L-7,,SOT96P240X110-3N,DMP3130L-7,smt
109.855,-58.24,0.0,top,R1,CRGCQ1206F10K,,RESC3116X65N,CRGCQ1206F10K,smt
109.855,-60.78,0.0,top,R2,CRGCQ1206F100K,,RESC3116X65N,CRGCQ1206F100K,smt
