﻿Designator,Quantity,Value,Footprint,Package,MPN,DNP,Mount_Type,Description,Height,Mouser Part Number,Mouser Price/Stock,Manufacturer_Name,Arrow Part Number,Arrow Price/Stock
C1,1,12063A103JAT2A,CAPC3216X152N,,12063A103JAT2A,,smt,"NewAVX 1206 10nF Ceramic Multilayer Capacitor, 25 V dc, +125",1.52,581-12063A103J,https://www.mouser.co.uk/ProductDetail/KYOCERA-AVX/12063A103JAT2A?qs=9C5X5N50CkE%2F69DbCtXoFw%3D%3D,Kyocera AVX,,
C2,1,12063D226MAT2A,CAPC3216X229N,,12063D226MAT2A,,smt,Multilayer Ceramic Capacitors MLCC - SMD/SMT 25V 22uF X5R 1206 20% HIGH CV,2.29,581-12063D226MAT2A,https://www.mouser.co.uk/ProductDetail/KYOCERA-AVX/12063D226MAT2A?qs=q%252BHV0zBR8MiKBGAgbZK5Jw%3D%3D,Kyocera AVX,,
IC1,1,NE555DR,NE555DR,,NE555DR,,smt,Single Precision Timer,1.75,595-NE555DR,https://www.mouser.co.uk/ProductDetail/Texas-Instruments/NE555DR?qs=gb35HGp1gQJ5U8ZthvvoVQ%3D%3D,Texas Instruments,NE555DR,https://www.arrow.com/en/products/ne555dr/texas-instruments?region=nac
"J1, J2, J3, J4",4,1716080000,1716080000,,1716080000,,tht,"Printed circuit board terminals, 5.08 mm, Number of poles: 2, 90, Solder pin length: 3.5 mm, tinned, orange, Clamping yoke connection, Clamping range, max. [rated connection]: 2.5 mm, Box",13.8,470-1716080000,https://www.mouser.co.uk/ProductDetail/Weidmuller/1716080000?qs=BTG2th8YmhQnu8ZhPH6LgQ%3D%3D,Weidmuller,,
Q1,1,IRLML6344TRPBF,SOT95P237X112-3N,,IRLML6344TRPBF,,smt,"IRLML6344TRPBF N-channel MOSFET Transistor, 5 A, 30 V, 3-Pin SOT-23",1.12,942-IRLML6344TRPBF,https://www.mouser.co.uk/ProductDetail/Infineon-Technologies/IRLML6344TRPBF?qs=9%252BKlkBgLFf2w4qS48UOXVw%3D%3D,Infineon,,
Q2,1,DMP3130L-7,SOT96P240X110-3N,,DMP3130L-7,,smt,"MOSFET P-Channel 30V 3.5A SOT23 Diodes Inc DMP3130L-7 P-channel MOSFET Transistor, 3.5 A, -30 V, 3-Pin SOT-23",1.1,621-DMP3130L-7,https://www.mouser.co.uk/ProductDetail/Diodes-Incorporated/DMP3130L-7?qs=oUsD4qhOtFzo1DjIYBcgCA%3D%3D,Diodes Incorporated,,
R1,1,CRGCQ1206F10K,RESC3116X65N,,CRGCQ1206F10K,,smt,Configuration Features: Number of Resistors 1 | Dimensions: Product Length .122 INCH | Product Width .061 INCH | Product Length 3.1 MM | Product Width 1.55 MM | Product Height .55 MM | Product Height .022 INCH | Electrical Characteristics: Operating Voltage 200 V | Resistance Value 10K OHM | Resistance Class 1k  1M | Passive Component Tolerance 1 PCT | Power Rating .25 WATT | Packaging Features: Packaging Method Taped & Reeled | Product Type Features: Resistor Type General Purpose Resistor | Element,0.65,279-CRGCQ1206F10K,https://www.mouser.co.uk/ProductDetail/TE-Connectivity-Holsworthy/CRGCQ1206F10K?qs=wUXugUrL1qyq3DLCZm2TIg%3D%3D,TE Connectivity,,
R2,1,CRGCQ1206F100K,RESC3116X65N,,CRGCQ1206F100K,,smt,Configuration Features: Number of Resistors 1 | Dimensions: Product Length 3.1 MM | Product Height .022 INCH | Product Height .55 MM | Product Length .122 INCH | Product Width 1.55 MM | Product Width .061 INCH | Electrical Characteristics: Operating Voltage 200 V | Resistance Value 100K OHM | Passive Component Tolerance 1 PCT | Power Rating .25 WATT | Resistance Class 1k  1M | Packaging Features: Packaging Method Taped & Reeled | Product Type Features: Resistor Type General Purpose Resistor | Element,0.65,279-CRGCQ1206F100K,https://www.mouser.co.uk/ProductDetail/TE-Connectivity-Holsworthy/CRGCQ1206F100K?qs=wUXugUrL1qxXgwq7s1sDhw%3D%3D,TE Connectivity,,
